{"cameraMode":{"drawMode":0,"name":"Shaded","section":"Shading Mode"},"sceneLighting":true,"audioPlay":false,"sceneViewState":{"showFog":true,"showMaterialUpdate":false,"showSkybox":true,"showFlares":true,"showImageEffects":true,"showParticleSystems":true},"in2DMode":false,"pivot":{"x":-0.35563796758651736,"y":0.4254589080810547,"z":15.96529769897461},"rotation":{"x":0.11103315651416779,"y":0.028279604390263559,"z":-0.0031616182532161476,"w":0.993409276008606},"size":19.148088455200197,"orthographic":false}